{
  "test_accuracy": 0.43137254901960786,
  "precision": 0.4136013540159962,
  "recall": 0.43137254901960786,
  "f1_score": 0.39288722769246204,
  "class_names": [
    "bridge",
    "cmp_defect",
    "cracks",
    "ler",
    "opens",
    "pattern_collapse",
    "undefected",
    "via_defect"
  ],
  "confusion_matrix": [
    [
      24,
      2,
      1,
      0,
      0,
      1,
      3,
      1
    ],
    [
      16,
      2,
      1,
      0,
      1,
      7,
      3,
      0
    ],
    [
      3,
      15,
      6,
      0,
      0,
      0,
      0,
      7
    ],
    [
      13,
      0,
      0,
      4,
      0,
      2,
      11,
      0
    ],
    [
      25,
      2,
      0,
      0,
      0,
      0,
      3,
      0
    ],
    [
      0,
      0,
      0,
      8,
      4,
      32,
      4,
      0
    ],
    [
      0,
      0,
      0,
      2,
      0,
      12,
      59,
      2
    ],
    [
      10,
      8,
      2,
      0,
      0,
      2,
      3,
      5
    ]
  ],
  "classification_report": {
    "bridge": {
      "precision": 0.26373626373626374,
      "recall": 0.75,
      "f1-score": 0.3902439024390244,
      "support": 32.0
    },
    "cmp_defect": {
      "precision": 0.06896551724137931,
      "recall": 0.06666666666666667,
      "f1-score": 0.06779661016949153,
      "support": 30.0
    },
    "cracks": {
      "precision": 0.6,
      "recall": 0.1935483870967742,
      "f1-score": 0.2926829268292683,
      "support": 31.0
    },
    "ler": {
      "precision": 0.2857142857142857,
      "recall": 0.13333333333333333,
      "f1-score": 0.18181818181818182,
      "support": 30.0
    },
    "opens": {
      "precision": 0.0,
      "recall": 0.0,
      "f1-score": 0.0,
      "support": 30.0
    },
    "pattern_collapse": {
      "precision": 0.5714285714285714,
      "recall": 0.6666666666666666,
      "f1-score": 0.6153846153846154,
      "support": 48.0
    },
    "undefected": {
      "precision": 0.686046511627907,
      "recall": 0.7866666666666666,
      "f1-score": 0.7329192546583851,
      "support": 75.0
    },
    "via_defect": {
      "precision": 0.3333333333333333,
      "recall": 0.16666666666666666,
      "f1-score": 0.2222222222222222,
      "support": 30.0
    },
    "accuracy": 0.43137254901960786,
    "macro avg": {
      "precision": 0.35115306038521754,
      "recall": 0.3454435483870968,
      "f1-score": 0.31288346419014856,
      "support": 306.0
    },
    "weighted avg": {
      "precision": 0.4136013540159962,
      "recall": 0.43137254901960786,
      "f1-score": 0.39288722769246204,
      "support": 306.0
    }
  }
}